{
 "K": [
  [
   829.9003805685156,
   0.0,
   377.3370642371219
  ],
  [
   0.0,
   829.2658062816389,
   513.6775284080247
  ],
  [
   0.0,
   0.0,
   1.0
  ]
 ],
 "d": 3,
 "h": 2,
 "tilt": 30,
 "pan": 0
}